<?xml version="1.0" encoding="UTF-8"?><?xml-stylesheet type='text/xsl' href='_UpgradeReport_Files/UpgradeReport.xslt'?><UpgradeLog>
<Properties><Property Name="Solution" Value="UHFReader28demomain">
</Property><Property Name="Archivo de la solución" Value="C:\Users\Proyectos Cinco\Desktop\ZOTEI\ZT-RY-401\english version\Demo\Csharp engV1.5(TCPIP)\UHFReader28demomain\UHFReader28demomain.sln">
</Property><Property Name="Archivo de opciones de usuario" Value="C:\Users\Proyectos Cinco\Desktop\ZOTEI\ZT-RY-401\english version\Demo\Csharp engV1.5(TCPIP)\UHFReader28demomain\UHFReader28demomain.suo">
</Property><Property Name="Date" Value="lunes, 24 de febrero de 2014">
</Property><Property Name="Time" Value="13:47 p.m.">
</Property></Properties><Event ErrorLevel="0" Project="" Source="UHFReader28demomain.sln" Description="La copia C:\Users\Proyectos Cinco\Desktop\ZOTEI\ZT-RY-401\english version\Demo\Csharp engV1.5(TCPIP)\UHFReader28demomain\Backup\UHFReader28demomain.sln del archivo se ha realizado correctamente">
</Event><Event ErrorLevel="0" Project="" Source="UHFReader28demomain.suo" Description="La copia C:\Users\Proyectos Cinco\Desktop\ZOTEI\ZT-RY-401\english version\Demo\Csharp engV1.5(TCPIP)\UHFReader28demomain\Backup\UHFReader28demomain.suo del archivo se ha realizado correctamente">
</Event><Event ErrorLevel="0" Project="UHFReader28demomain" Source="UHFReader28demomain.csproj" Description="Se realizó correctamente la copia de seguridad del archivo de proyecto C:\Users\Proyectos Cinco\Desktop\ZOTEI\ZT-RY-401\english version\Demo\Csharp engV1.5(TCPIP)\UHFReader28demomain\Backup\UHFReader28demomain.csproj">
</Event><Event ErrorLevel="0" Project="UHFReader28demomain" Source="AutoPropertyClass.cs" Description="Se realizó correctamente la copia de seguridad del archivo C:\Users\Proyectos Cinco\Desktop\ZOTEI\ZT-RY-401\english version\Demo\Csharp engV1.5(TCPIP)\UHFReader28demomain\Backup\AutoPropertyClass.cs">
</Event><Event ErrorLevel="0" Project="UHFReader28demomain" Source="ConfigForm.cs" Description="Se realizó correctamente la copia de seguridad del archivo C:\Users\Proyectos Cinco\Desktop\ZOTEI\ZT-RY-401\english version\Demo\Csharp engV1.5(TCPIP)\UHFReader28demomain\Backup\ConfigForm.cs">
</Event><Event ErrorLevel="0" Project="UHFReader28demomain" Source="ConfigForm.designer.cs" Description="Se realizó correctamente la copia de seguridad del archivo C:\Users\Proyectos Cinco\Desktop\ZOTEI\ZT-RY-401\english version\Demo\Csharp engV1.5(TCPIP)\UHFReader28demomain\Backup\ConfigForm.designer.cs">
</Event><Event ErrorLevel="0" Project="UHFReader28demomain" Source="DevControl.cs" Description="Se realizó correctamente la copia de seguridad del archivo C:\Users\Proyectos Cinco\Desktop\ZOTEI\ZT-RY-401\english version\Demo\Csharp engV1.5(TCPIP)\UHFReader28demomain\Backup\DevControl.cs">
</Event><Event ErrorLevel="0" Project="UHFReader28demomain" Source="DeviceClass.cs" Description="Se realizó correctamente la copia de seguridad del archivo C:\Users\Proyectos Cinco\Desktop\ZOTEI\ZT-RY-401\english version\Demo\Csharp engV1.5(TCPIP)\UHFReader28demomain\Backup\DeviceClass.cs">
</Event><Event ErrorLevel="0" Project="UHFReader28demomain" Source="ErrorHandling.cs" Description="Se realizó correctamente la copia de seguridad del archivo C:\Users\Proyectos Cinco\Desktop\ZOTEI\ZT-RY-401\english version\Demo\Csharp engV1.5(TCPIP)\UHFReader28demomain\Backup\ErrorHandling.cs">
</Event><Event ErrorLevel="0" Project="UHFReader28demomain" Source="Form1.cs" Description="Se realizó correctamente la copia de seguridad del archivo C:\Users\Proyectos Cinco\Desktop\ZOTEI\ZT-RY-401\english version\Demo\Csharp engV1.5(TCPIP)\UHFReader28demomain\Backup\Form1.cs">
</Event><Event ErrorLevel="0" Project="UHFReader28demomain" Source="Form1.Designer.cs" Description="Se realizó correctamente la copia de seguridad del archivo C:\Users\Proyectos Cinco\Desktop\ZOTEI\ZT-RY-401\english version\Demo\Csharp engV1.5(TCPIP)\UHFReader28demomain\Backup\Form1.Designer.cs">
</Event><Event ErrorLevel="0" Project="UHFReader28demomain" Source="Log.cs" Description="Se realizó correctamente la copia de seguridad del archivo C:\Users\Proyectos Cinco\Desktop\ZOTEI\ZT-RY-401\english version\Demo\Csharp engV1.5(TCPIP)\UHFReader28demomain\Backup\Log.cs">
</Event><Event ErrorLevel="0" Project="UHFReader28demomain" Source="LoginForm.cs" Description="Se realizó correctamente la copia de seguridad del archivo C:\Users\Proyectos Cinco\Desktop\ZOTEI\ZT-RY-401\english version\Demo\Csharp engV1.5(TCPIP)\UHFReader28demomain\Backup\LoginForm.cs">
</Event><Event ErrorLevel="0" Project="UHFReader28demomain" Source="LoginForm.designer.cs" Description="Se realizó correctamente la copia de seguridad del archivo C:\Users\Proyectos Cinco\Desktop\ZOTEI\ZT-RY-401\english version\Demo\Csharp engV1.5(TCPIP)\UHFReader28demomain\Backup\LoginForm.designer.cs">
</Event><Event ErrorLevel="0" Project="UHFReader28demomain" Source="Program.cs" Description="Se realizó correctamente la copia de seguridad del archivo C:\Users\Proyectos Cinco\Desktop\ZOTEI\ZT-RY-401\english version\Demo\Csharp engV1.5(TCPIP)\UHFReader28demomain\Backup\Program.cs">
</Event><Event ErrorLevel="0" Project="UHFReader28demomain" Source="Properties\AssemblyInfo.cs" Description="Se realizó correctamente la copia de seguridad del archivo C:\Users\Proyectos Cinco\Desktop\ZOTEI\ZT-RY-401\english version\Demo\Csharp engV1.5(TCPIP)\UHFReader28demomain\Backup\Properties\AssemblyInfo.cs">
</Event><Event ErrorLevel="0" Project="UHFReader28demomain" Source="Properties\Resources.Designer.cs" Description="Se realizó correctamente la copia de seguridad del archivo C:\Users\Proyectos Cinco\Desktop\ZOTEI\ZT-RY-401\english version\Demo\Csharp engV1.5(TCPIP)\UHFReader28demomain\Backup\Properties\Resources.Designer.cs">
</Event><Event ErrorLevel="0" Project="UHFReader28demomain" Source="Properties\Settings.Designer.cs" Description="Se realizó correctamente la copia de seguridad del archivo C:\Users\Proyectos Cinco\Desktop\ZOTEI\ZT-RY-401\english version\Demo\Csharp engV1.5(TCPIP)\UHFReader28demomain\Backup\Properties\Settings.Designer.cs">
</Event><Event ErrorLevel="0" Project="UHFReader28demomain" Source="Properties\Settings.settings" Description="Se realizó correctamente la copia de seguridad del archivo C:\Users\Proyectos Cinco\Desktop\ZOTEI\ZT-RY-401\english version\Demo\Csharp engV1.5(TCPIP)\UHFReader28demomain\Backup\Properties\Settings.settings">
</Event><Event ErrorLevel="0" Project="UHFReader28demomain" Source="Globe Connected.ico" Description="Se realizó correctamente la copia de seguridad del archivo C:\Users\Proyectos Cinco\Desktop\ZOTEI\ZT-RY-401\english version\Demo\Csharp engV1.5(TCPIP)\UHFReader28demomain\Backup\Globe Connected.ico">
</Event><Event ErrorLevel="0" Project="UHFReader28demomain" Source="ConfigForm.resx" Description="Se realizó correctamente la copia de seguridad del archivo C:\Users\Proyectos Cinco\Desktop\ZOTEI\ZT-RY-401\english version\Demo\Csharp engV1.5(TCPIP)\UHFReader28demomain\Backup\ConfigForm.resx">
</Event><Event ErrorLevel="0" Project="UHFReader28demomain" Source="Form1.resx" Description="Se realizó correctamente la copia de seguridad del archivo C:\Users\Proyectos Cinco\Desktop\ZOTEI\ZT-RY-401\english version\Demo\Csharp engV1.5(TCPIP)\UHFReader28demomain\Backup\Form1.resx">
</Event><Event ErrorLevel="0" Project="UHFReader28demomain" Source="LoginForm.resx" Description="Se realizó correctamente la copia de seguridad del archivo C:\Users\Proyectos Cinco\Desktop\ZOTEI\ZT-RY-401\english version\Demo\Csharp engV1.5(TCPIP)\UHFReader28demomain\Backup\LoginForm.resx">
</Event><Event ErrorLevel="0" Project="UHFReader28demomain" Source="Properties\Resources.resx" Description="Se realizó correctamente la copia de seguridad del archivo C:\Users\Proyectos Cinco\Desktop\ZOTEI\ZT-RY-401\english version\Demo\Csharp engV1.5(TCPIP)\UHFReader28demomain\Backup\Properties\Resources.resx">
</Event><Event ErrorLevel="0" Project="UHFReader28demomain" Source="UHFReader28demomain.csproj" Description="Proyecto convertido correctamente">
</Event><Event ErrorLevel="3" Project="UHFReader28demomain" Source="UHFReader28demomain.csproj" Description="Converted">
</Event><Event ErrorLevel="0" Project="" Source="UHFReader28demomain.sln" Description="La solución se convirtió correctamente">
</Event><Event ErrorLevel="3" Project="" Source="UHFReader28demomain.sln" Description="Converted">
</Event><Event ErrorLevel="0" Project="UHFReader28demomain" Source="UHFReader28demomain.csproj" Description="Examen completo: no es necesario actualizar los archivos de proyecto.">
</Event></UpgradeLog>