<?xml version="1.0" encoding="UTF-8"?><?xml-stylesheet type='text/xsl' href='_UpgradeReport_Files/UpgradeReport.xslt'?><UpgradeLog>
<Properties><Property Name="Solution" Value="UHFReader28demomain">
</Property><Property Name="解决方案文件" Value="C:\Documents and Settings\Administrator\桌面\Csharp engV1.5(TCPIP)\UHFReader28demomain\UHFReader28demomain.sln">
</Property><Property Name="用户选项文件" Value="C:\Documents and Settings\Administrator\桌面\Csharp engV1.5(TCPIP)\UHFReader28demomain\UHFReader28demomain.suo">
</Property><Property Name="Date" Value="2012年2月10日星期五">
</Property><Property Name="Time" Value="11:11">
</Property></Properties><Event ErrorLevel="0" Project="" Source="UHFReader28demomain.sln" Description="文件已成功备份为 C:\Documents and Settings\Administrator\桌面\Csharp engV1.5(TCPIP)\UHFReader28demomain\Backup\UHFReader28demomain.sln">
</Event><Event ErrorLevel="0" Project="" Source="UHFReader28demomain.suo" Description="文件已成功备份为 C:\Documents and Settings\Administrator\桌面\Csharp engV1.5(TCPIP)\UHFReader28demomain\Backup\UHFReader28demomain.suo">
</Event><Event ErrorLevel="0" Project="UHFReader28demomain" Source="UHFReader28demomain.csproj" Description="项目文件已成功备份为 C:\Documents and Settings\Administrator\桌面\Csharp engV1.5(TCPIP)\UHFReader28demomain\Backup\UHFReader28demomain.csproj">
</Event><Event ErrorLevel="0" Project="UHFReader28demomain" Source="AutoPropertyClass.cs" Description="文件已成功备份为 C:\Documents and Settings\Administrator\桌面\Csharp engV1.5(TCPIP)\UHFReader28demomain\Backup\AutoPropertyClass.cs">
</Event><Event ErrorLevel="0" Project="UHFReader28demomain" Source="ConfigForm.cs" Description="文件已成功备份为 C:\Documents and Settings\Administrator\桌面\Csharp engV1.5(TCPIP)\UHFReader28demomain\Backup\ConfigForm.cs">
</Event><Event ErrorLevel="0" Project="UHFReader28demomain" Source="ConfigForm.designer.cs" Description="文件已成功备份为 C:\Documents and Settings\Administrator\桌面\Csharp engV1.5(TCPIP)\UHFReader28demomain\Backup\ConfigForm.designer.cs">
</Event><Event ErrorLevel="0" Project="UHFReader28demomain" Source="DevControl.cs" Description="文件已成功备份为 C:\Documents and Settings\Administrator\桌面\Csharp engV1.5(TCPIP)\UHFReader28demomain\Backup\DevControl.cs">
</Event><Event ErrorLevel="0" Project="UHFReader28demomain" Source="DeviceClass.cs" Description="文件已成功备份为 C:\Documents and Settings\Administrator\桌面\Csharp engV1.5(TCPIP)\UHFReader28demomain\Backup\DeviceClass.cs">
</Event><Event ErrorLevel="0" Project="UHFReader28demomain" Source="ErrorHandling.cs" Description="文件已成功备份为 C:\Documents and Settings\Administrator\桌面\Csharp engV1.5(TCPIP)\UHFReader28demomain\Backup\ErrorHandling.cs">
</Event><Event ErrorLevel="0" Project="UHFReader28demomain" Source="Form1.cs" Description="文件已成功备份为 C:\Documents and Settings\Administrator\桌面\Csharp engV1.5(TCPIP)\UHFReader28demomain\Backup\Form1.cs">
</Event><Event ErrorLevel="0" Project="UHFReader28demomain" Source="Form1.Designer.cs" Description="文件已成功备份为 C:\Documents and Settings\Administrator\桌面\Csharp engV1.5(TCPIP)\UHFReader28demomain\Backup\Form1.Designer.cs">
</Event><Event ErrorLevel="0" Project="UHFReader28demomain" Source="Log.cs" Description="文件已成功备份为 C:\Documents and Settings\Administrator\桌面\Csharp engV1.5(TCPIP)\UHFReader28demomain\Backup\Log.cs">
</Event><Event ErrorLevel="0" Project="UHFReader28demomain" Source="LoginForm.cs" Description="文件已成功备份为 C:\Documents and Settings\Administrator\桌面\Csharp engV1.5(TCPIP)\UHFReader28demomain\Backup\LoginForm.cs">
</Event><Event ErrorLevel="0" Project="UHFReader28demomain" Source="LoginForm.designer.cs" Description="文件已成功备份为 C:\Documents and Settings\Administrator\桌面\Csharp engV1.5(TCPIP)\UHFReader28demomain\Backup\LoginForm.designer.cs">
</Event><Event ErrorLevel="0" Project="UHFReader28demomain" Source="Program.cs" Description="文件已成功备份为 C:\Documents and Settings\Administrator\桌面\Csharp engV1.5(TCPIP)\UHFReader28demomain\Backup\Program.cs">
</Event><Event ErrorLevel="0" Project="UHFReader28demomain" Source="Properties\AssemblyInfo.cs" Description="文件已成功备份为 C:\Documents and Settings\Administrator\桌面\Csharp engV1.5(TCPIP)\UHFReader28demomain\Backup\Properties\AssemblyInfo.cs">
</Event><Event ErrorLevel="0" Project="UHFReader28demomain" Source="Properties\Resources.Designer.cs" Description="文件已成功备份为 C:\Documents and Settings\Administrator\桌面\Csharp engV1.5(TCPIP)\UHFReader28demomain\Backup\Properties\Resources.Designer.cs">
</Event><Event ErrorLevel="0" Project="UHFReader28demomain" Source="Properties\Settings.Designer.cs" Description="文件已成功备份为 C:\Documents and Settings\Administrator\桌面\Csharp engV1.5(TCPIP)\UHFReader28demomain\Backup\Properties\Settings.Designer.cs">
</Event><Event ErrorLevel="0" Project="UHFReader28demomain" Source="Properties\Settings.settings" Description="文件已成功备份为 C:\Documents and Settings\Administrator\桌面\Csharp engV1.5(TCPIP)\UHFReader28demomain\Backup\Properties\Settings.settings">
</Event><Event ErrorLevel="0" Project="UHFReader28demomain" Source="Globe Connected.ico" Description="文件已成功备份为 C:\Documents and Settings\Administrator\桌面\Csharp engV1.5(TCPIP)\UHFReader28demomain\Backup\Globe Connected.ico">
</Event><Event ErrorLevel="0" Project="UHFReader28demomain" Source="ConfigForm.resx" Description="文件已成功备份为 C:\Documents and Settings\Administrator\桌面\Csharp engV1.5(TCPIP)\UHFReader28demomain\Backup\ConfigForm.resx">
</Event><Event ErrorLevel="0" Project="UHFReader28demomain" Source="Form1.resx" Description="文件已成功备份为 C:\Documents and Settings\Administrator\桌面\Csharp engV1.5(TCPIP)\UHFReader28demomain\Backup\Form1.resx">
</Event><Event ErrorLevel="0" Project="UHFReader28demomain" Source="LoginForm.resx" Description="文件已成功备份为 C:\Documents and Settings\Administrator\桌面\Csharp engV1.5(TCPIP)\UHFReader28demomain\Backup\LoginForm.resx">
</Event><Event ErrorLevel="0" Project="UHFReader28demomain" Source="Properties\Resources.resx" Description="文件已成功备份为 C:\Documents and Settings\Administrator\桌面\Csharp engV1.5(TCPIP)\UHFReader28demomain\Backup\Properties\Resources.resx">
</Event><Event ErrorLevel="1" Project="UHFReader28demomain" Source="UHFReader28demomain.csproj" Description="您的项目以 .NET Framework 2.0 或 3.0 为目标。如果您的项目使用的程序集需要更新的 .NET Framework，则项目生成将失败。通过单击项目菜单上的“属性”，然后在“.NET Framework”下拉框中选择一个新版本，可以更改 .NET Framework 的版本。(在 Visual Basic 中，可在单击“高级编辑器选项...”按钮时显示的“编译”选项卡上找到此下拉框。)">
</Event><Event ErrorLevel="0" Project="UHFReader28demomain" Source="UHFReader28demomain.csproj" Description="项目已成功转换">
</Event><Event ErrorLevel="3" Project="UHFReader28demomain" Source="UHFReader28demomain.csproj" Description="Converted">
</Event><Event ErrorLevel="0" Project="" Source="UHFReader28demomain.sln" Description="成功转换解决方案">
</Event><Event ErrorLevel="3" Project="" Source="UHFReader28demomain.sln" Description="Converted">
</Event><Event ErrorLevel="0" Project="UHFReader28demomain" Source="UHFReader28demomain.csproj" Description="扫描完成: 项目文件不需要升级。">
</Event></UpgradeLog>